cluster,CAT2_대중교통,CAT2_자가용/연료,CAT2_택시/대리,CAT2_항공/기차,CAT2_의류,CAT2_잡화/뷰티,CAT2_명품/쥬얼리,CAT2_전자제품,CAT2_외식/배달,CAT2_가정식/식재료,CAT2_주점/유흥,CAT2_커피/음료,CAT2_사교육/학원,CAT2_도서/음반,CAT2_문화생활/취미,CAT2_온라인강의,CAT2_공과금/통신,CAT2_병원/약국,CAT2_인테리어/가구,CAT2_보험/금융,CAT2_국내여행/숙박,CAT2_해외여행/항공,CAT2_레포츠/취미,CAT2_기타 여가,CAT2_자격증/어학,CAT2_운동/피트니스,CAT2_온라인 구독,CAT2_도구/재료 구매,CAT2_현금서비스,CAT2_경조사/기부,CAT2_해외 직구,CAT2_금융 수수료,avg_age
0,1.9460637019230769,1.337890625,1.3342097355769231,1.3165564903846154,1.9634915865384615,1.3194861778846154,1.3307542067307692,1.3140024038461537,1.333984375,1.3168569711538463,1.9535006009615385,1.3161808894230769,1.2093599759615385,1.2189753605769231,1.763671875,1.8037109375,1.4994741586538463,1.4828725961538463,1.4943659855769231,1.4773137019230769,1.5160006009615385,1.4954176682692308,1.5188551682692308,1.4940655048076923,1.4996995192307692,1.4821213942307692,1.4915114182692308,1.4610877403846154,1.5048076923076923,1.4966195913461537,1.4966195913461537,1.5057091346153846,30.335862379807693
1,5.870573487934816,4.499294891883422,4.550219366969602,4.554998433093075,5.915387026010655,4.540739580068944,4.539172673143216,4.493497336258226,4.455578188655594,4.468348480100282,5.900423064869947,4.4815104982764025,4.299279222814165,4.257364462550925,5.486916327170166,5.490363522406769,4.90253838921968,4.886477593230962,4.868693199623943,4.92580695706675,4.8270134753995615,4.87950485741147,4.845581322469445,4.854669382638671,4.822782826700094,4.833594484487621,4.842447508617988,4.837198370416798,4.892353494202444,4.924553431526167,4.881228455029771,4.89047320589157,32.65833594484488
2,9.57023000144655,9.673224359901635,9.707941559380876,9.739331693910025,9.78518732822219,9.56256328656155,9.762910458556343,9.904817011427745,9.771011138434833,9.763199768552003,9.720960509185593,9.762910458556343,9.782294228265586,9.68580934471286,9.649790250253146,9.734558078981628,9.626500795602489,9.703167944452481,9.642123535368148,9.558802256617966,9.862722407059163,9.823520902647186,9.76884131346738,9.798206278026905,9.706928974396066,9.698249674526254,9.756545638651815,9.646897150296542,9.704035874439462,9.71097931433531,9.672645739910314,9.774048893389267,47.44626066830609
